"","year","month","median.monthly.flow","max.monthly.flow","date.of.monthly.max.flow","monthly.fall.rate","monthly.rise.rate","monthly.reversals","monthly.inflows","inflows.upperquartile","inflows.lowerquartile","date","minDO.oakcity","minDO.jamesville","days.over.10k","days.over.15k","days.over.20k","days.over.30k"
"1","1972",3,8200,14200,63,3590,2430,15,7754.32258064516,0,0,1972-03-01,NA,NA,13,0,0,0
"2","1972",4,8405,17600,101,2590,3770,17,10095.0666666667,0,0,1972-04-01,NA,NA,13,1,0,0
"3","1972",5,19400,19600,138,410,1800,11,15429.2580645161,1,0,1972-05-01,NA,NA,28,22,0,0
"4","1972",6,9050,23700,182,1395,1850,13,21836.3333333333,1,0,1972-06-01,NA,NA,14,10,5,0
"5","1972",7,19700,23500,183,400,100,12,9185,1,0,1972-07-01,NA,NA,31,31,14,0
"6","1972",8,8640,18000,215,2890,1790,13,4074.8064516129,0,0,1972-08-01,NA,NA,13,8,0,0
"7","1972",9,2545,13000,258,1370,465,12,3635.96666666667,0,0,1972-09-01,NA,NA,3,0,0,0
"8","1972",10,10800,19900,298,600,2010,13,10569.8387096774,1,0,1972-10-01,NA,NA,22,14,0,0
"9","1972",11,19800,20000,316,2440,200,11,16667.4333333333,1,0,1972-11-01,NA,NA,20,10,0,0
"10","1973",3,14500,19700,83,1300,1300,14,18096.064516129,1,0,1973-03-01,NA,NA,25,14,0,0
"11","1973",4,19500,19600,103,100,100,8,19434.0666666667,1,0,1973-04-01,NA,NA,30,30,0,0
"12","1973",5,14500,19800,129,1500,600,13,10871.9677419355,1,0,1973-05-01,NA,NA,22,14,0,0
"13","1973",6,9425,13200,164,2560,1615,11,7693.4,1,0,1973-06-01,NA,NA,13,0,0,0
"14","1973",7,8160,16000,191,2185,1270,14,4981.12903225806,1,0,1973-07-01,NA,NA,8,1,0,0
"15","1973",8,8540,17800,242,700,2630,15,6912.93548387097,1,0,1973-08-01,NA,NA,10,3,0,0
"16","1973",9,2210,13900,269,250,1890,12,2963.13333333333,0,0,1973-09-01,NA,NA,4,0,0,0
"17","1973",10,13500,19600,281,3350,2300,9,3156.22580645161,0,0,1973-10-01,NA,NA,1,0,0,0
"18","1973",11,14200,19600,335,3300,1540,10,3210.6,0,0,1973-11-01,NA,NA,2,0,0,0
"19","1974",3,6300,14000,85,4399,2900,16,8903.77419354839,0,0,1974-03-01,NA,NA,9,0,0,0
"20","1974",4,14550,17700,108,1295,1590,11,12022.2666666667,0,0,1974-04-01,NA,NA,22,10,0,0
"21","1974",5,10500,15700,129,3585,2380,10,8066.29032258064,0,0,1974-05-01,NA,NA,17,2,0,0
"22","1974",6,5840,14700,162,1090,270,15,5220.23333333333,0,0,1974-06-01,NA,NA,10,0,0,0
"23","1974",7,2310,19400,190,300,190,12,3918,0,0,1974-07-01,NA,NA,9,4,0,0
"24","1974",8,4300,13600,234,2240,1990,11,5113.64516129032,1,0,1974-08-01,NA,NA,6,0,0,0
"25","1974",9,14050,19400,259,1850,300,7,12933.3333333333,1,0,1974-09-01,NA,NA,19,12,0,0
"26","1974",10,2080,10600,278,140,100,17,2694.41935483871,0,0,1974-10-01,NA,NA,6,0,0,0
"27","1974",11,3365,11100,315,2572,2440,17,2757.56666666667,0,0,1974-11-01,NA,NA,14,5,0,0
"28","1975",3,18800,35300,91,1410,1550,11,35219.1935483871,1,0,1975-03-01,NA,NA,23,17,12,6
"29","1975",4,35100,35600,105,200,200,16,12277.1666666667,0,0,1975-04-01,NA,NA,28,25,25,24
"30","1975",5,6550,15700,122,600,800,12,7526.32258064516,0,0,1975-05-01,NA,NA,11,2,0,0
"31","1975",6,8155,18900,156,2830,4450,10,6560.93333333333,0,0,1975-06-01,NA,NA,13,4,0,0
"32","1975",7,18500,19400,197,100,100,9,13992.6774193548,1,0,1975-07-01,NA,NA,19,17,0,0
"33","1975",8,11600,18700,220,820,200,14,3883.87096774194,0,0,1975-08-01,NA,NA,18,8,0,0
"34","1975",9,3850,19200,271,210,300,10,9919.7,1,0,1975-09-01,NA,NA,8,4,0,0
"35","1975",10,1950,14000,277,610,60,13,5841.51612903226,0,0,1975-10-01,NA,NA,14,3,0,0
"36","1975",11,8890,19300,332,1180,2900,12,4845.53333333333,0,0,1975-11-01,NA,NA,4,0,0,0
"37","1976",3,3300,12800,72,1390,4660,17,5959.87096774194,0,1,1976-03-01,NA,NA,3,0,0,0
"38","1976",4,3960,9730,114,950,1380,13,6002.36666666667,0,1,1976-04-01,NA,NA,0,0,0,0
"39","1976",5,6280,9020,126,40,70,14,4218.09677419355,0,1,1976-05-01,NA,NA,0,0,0,0
"40","1976",6,5540,8950,161,1620,1450,17,6380.26666666667,0,0,1976-06-01,NA,NA,0,0,0,0
"41","1976",7,2970,9720,194,1210,1235,15,2455.35483870968,0,0,1976-07-01,NA,NA,0,0,0,0
"42","1976",8,2430,7990,235,70,40,20,1870.90322580645,0,1,1976-08-01,NA,NA,0,0,0,0
"43","1976",9,2450,12700,260,660,120,8,1842.66666666667,0,0,1976-09-01,NA,NA,1,0,0,0
"44","1976",10,9080,19300,276,3085,1510,12,10574.2903225806,1,0,1976-10-01,NA,NA,11,5,0,0
"45","1976",11,8090,13400,333,1350,1490,16,4306.33333333333,0,0,1976-11-01,NA,NA,17,6,0,0
"46","1977",3,3500,11500,83,1940,3080,20,8157.12903225806,0,0,1977-03-01,NA,NA,2,0,0,0
"47","1977",4,6560,18700,99,1490,2840,11,8890.5,0,0,1977-04-01,NA,NA,10,2,0,0
"48","1977",5,6240,14400,124,60,45,14,3372.09677419355,0,1,1977-05-01,NA,NA,5,0,0,0
"49","1977",6,2320,3070,177,30,40,18,2640.26666666667,0,1,1977-06-01,NA,NA,0,0,0,0
"50","1977",7,2450,9900,194,420,1165,18,1493.45161290323,0,1,1977-07-01,NA,NA,0,0,0,0
"51","1977",8,2340,5610,244,35,40,18,1455.16129032258,0,1,1977-08-01,NA,NA,0,0,0,0
"52","1977",9,2345,7950,263,350,90,13,2162.33333333333,0,0,1977-09-01,NA,NA,0,0,0,0
"53","1977",10,5840,18700,302,1180,1300,9,4932.93548387097,0,0,1977-10-01,NA,NA,1,0,0,0
"54","1977",11,11250,18900,314,1650,3700,10,6268.36666666667,0,0,1977-11-01,NA,NA,13,1,0,0
"55","1978",3,18500,18700,66,100,500,16,19588.7096774194,1,0,1978-03-01,NA,NA,30,23,0,0
"56","1978",4,9580,26100,121,840,2100,13,21917.1,1,0,1978-04-01,NA,NA,14,12,2,0
"57","1978",5,34600,35300,122,300,100,16,22041.5161290323,1,0,1978-05-01,NA,NA,31,31,29,23
"58","1978",6,18550,18700,153,1850,2800,10,5757.93333333333,0,0,1978-06-01,NA,NA,25,17,0,0
"59","1978",7,8250,12800,206,830,1610,21,6123.74193548387,1,0,1978-07-01,NA,NA,10,0,0,0
"60","1978",8,6680,10200,227,1410,1585,17,5869.1935483871,1,0,1978-08-01,NA,NA,1,0,0,0
"61","1978",9,2605,9650,263,1180,1325,12,3918.16666666667,0,0,1978-09-01,NA,NA,0,0,0,0
"62","1978",10,1950,10200,298,180,780,13,2416.67741935484,0,0,1978-10-01,NA,NA,0,0,0,0
"63","1978",11,9180,16400,317,2400,2300,14,3259.83333333333,0,0,1978-11-01,NA,NA,0,0,0,0
"64","1979",3,25500,25800,71,300,100,13,20081.064516129,1,0,1979-03-01,NA,NA,31,31,24,0
"65","1979",4,18700,18900,95,100,100,10,12336.9,0,0,1979-04-01,NA,NA,29,28,0,0
"66","1979",5,10600,18600,125,2100,1100,13,7866.38709677419,0,0,1979-05-01,NA,NA,16,5,0,0
"67","1979",6,7900,14600,158,1305,2020,18,7143.1,1,0,1979-06-01,NA,NA,9,0,0,0
"68","1979",7,4650,10900,194,1510,2170,14,4184.70967741936,0,0,1979-07-01,NA,NA,1,0,0,0
"69","1979",8,3730,12300,214,1790,2265,16,3458.09677419355,0,0,1979-08-01,NA,NA,3,0,0,0
"70","1979",9,13500,19400,268,670,2770,6,21636.9,1,0,1979-09-01,NA,NA,17,8,0,0
"71","1979",10,2170,7960,301,1170,875,17,14127,1,0,1979-10-01,NA,NA,29,28,12,0
"72","1979",11,4475,9000,332,1220,1120,19,11116.9,1,0,1979-11-01,NA,NA,29,19,0,0
"73","1980",3,10300,18100,91,1700,1710,10,16005,1,0,1980-03-01,NA,NA,16,8,0,0
"74","1980",4,18050,18400,120,250,100,10,17417.0333333333,1,0,1980-04-01,NA,NA,29,25,0,0
"75","1980",5,10200,18100,122,2690,950,10,8365.1935483871,0,0,1980-05-01,NA,NA,17,3,0,0
"76","1980",6,6210,14000,154,1855,2495,15,4937,0,0,1980-06-01,NA,NA,6,0,0,0
"77","1980",7,4490,10700,199,850,1600,16,4170.77419354839,0,0,1980-07-01,NA,NA,1,0,0,0
"78","1980",8,2430,12300,218,1300,725,13,2137.77419354839,0,0,1980-08-01,NA,NA,2,0,0,0
"79","1980",9,2370,5740,266,110,80,11,1802.96666666667,0,1,1980-09-01,NA,NA,0,0,0,0
"80","1980",10,19700,25200,289,200,200,8,2697.38709677419,0,0,1980-10-01,NA,NA,0,0,0,0
"81","1980",11,17750,19900,310,700,1800,10,3165,0,0,1980-11-01,NA,NA,0,0,0,0
"82","1981",3,1980,4960,77,455,1065,14,3112.48387096774,0,1,1981-03-01,NA,NA,0,0,0,0
"83","1981",4,2280,9880,104,30,95,19,3929.13333333333,0,1,1981-04-01,NA,NA,0,0,0,0
"84","1981",5,3100,8980,133,405,330,13,3045.12903225806,0,1,1981-05-01,NA,NA,0,0,0,0
"85","1981",6,2865,10600,166,1130,820,17,2564.53333333333,0,1,1981-06-01,NA,NA,2,0,0,0
"86","1981",7,2640,9360,191,565,610,12,2847.03225806452,0,0,1981-07-01,NA,NA,0,0,0,0
"87","1981",8,2370,7210,240,70,70,16,1391.67741935484,0,1,1981-08-01,NA,NA,0,0,0,0
"88","1981",9,2405,5750,255,590,150,10,2522.36666666667,0,0,1981-09-01,NA,NA,0,0,0,0
"89","1981",10,2030,5750,289,335,370,15,3118.58064516129,0,0,1981-10-01,NA,NA,0,0,0,0
"90","1981",11,2105,8980,333,650,1345,14,1885.3,0,1,1981-11-01,NA,NA,0,0,0,0
"91","1982",3,9310,17500,72,2140,1695,14,10359.935483871,0,0,1982-03-01,NA,NA,15,7,0,0
"92","1982",4,2335,12600,98,385,600,10,4858.96666666667,0,1,1982-04-01,NA,NA,2,0,0,0
"93","1982",5,6290,11600,128,420,590,20,5923.96774193548,0,0,1982-05-01,NA,NA,4,0,0,0
"94","1982",6,17750,18200,165,700,600,9,13051.6,1,0,1982-06-01,NA,NA,26,17,0,0
"95","1982",7,5140,15100,198,2085,2120,19,5207.12903225806,1,0,1982-07-01,NA,NA,5,1,0,0
"96","1982",8,3270,11300,232,940,2610,16,3966.16129032258,0,0,1982-08-01,NA,NA,3,0,0,0
"97","1982",9,2495,8090,257,340,200,14,1830.03333333333,0,1,1982-09-01,NA,NA,0,0,0,0
"98","1982",10,1820,4540,303,390,460,18,3959.06451612903,0,0,1982-10-01,NA,NA,0,0,0,0
"99","1982",11,1685,9210,314,1020,990,18,3888.06666666667,0,0,1982-11-01,NA,NA,3,0,0,0
"100","1983",3,18000,20400,84,2300,1400,9,18461.2580645161,1,0,1983-03-01,NA,NA,30,25,8,0
"101","1983",4,21400,26000,116,100,200,13,28456.4666666667,1,0,1983-04-01,NA,NA,30,30,30,0
"102","1983",5,19000,25800,126,1200,150,6,7777.96774193548,0,0,1983-05-01,NA,NA,28,26,6,0
"103","1983",6,6135,15100,154,1910,1280,16,4775.2,0,0,1983-06-01,NA,NA,9,1,0,0
"104","1983",7,4180,10200,194,1360,1605,14,2641.32258064516,0,0,1983-07-01,NA,NA,2,0,0,0
"105","1983",8,2890,7310,221,1080,2390,21,1643.35483870968,0,1,1983-08-01,NA,NA,0,0,0,0
"106","1983",9,2125,3100,256,155,50,14,1687.93333333333,0,1,1983-09-01,NA,NA,0,0,0,0
"107","1983",10,2850,7420,288,920,1485,18,3147.74193548387,0,0,1983-10-01,NA,NA,0,0,0,0
"108","1983",11,7170,11700,322,1700,2995,11,6404.06666666667,0,0,1983-11-01,NA,NA,2,1,0,0
"109","1984",3,20000,20100,66,100,100,8,21845.2903225806,1,0,1984-03-01,NA,NA,31,31,9,0
"110","1984",4,20100,20300,105,100,100,14,17014.1,1,0,1984-04-01,NA,NA,30,30,23,0
"111","1984",5,14500,20200,126,700,1200,7,9928.61290322581,1,0,1984-05-01,NA,NA,21,15,6,0
"112","1984",6,7060,15200,159,1140,1600,13,4559.03333333333,0,0,1984-06-01,NA,NA,9,1,0,0
"113","1984",7,6360,17900,213,3485,4160,16,8542.96774193548,1,0,1984-07-01,NA,NA,9,3,0,0
"114","1984",8,8690,17900,214,2800,2970,14,5964.87096774194,1,0,1984-08-01,NA,NA,12,2,0,0
"115","1984",9,4220,12400,255,1535,1360,12,2763.36666666667,0,0,1984-09-01,NA,NA,1,0,0,0
"116","1984",10,2280,5580,301,265,620,13,3198.32258064516,0,0,1984-10-01,NA,NA,1,0,0,0
"117","1984",11,2305,17200,335,750,2455,16,3122.86666666667,0,0,1984-11-01,NA,NA,2,0,0,0
"118","1985",3,4020,14300,66,2000,1470,16,4610.03225806452,0,1,1985-03-01,NA,NA,3,0,0,0
"119","1985",4,2540,3620,101,30,55,17,3229.5,0,1,1985-04-01,NA,NA,0,0,0,0
"120","1985",5,4880,8110,149,110,190,14,4435.67741935484,0,1,1985-05-01,NA,NA,0,0,0,0
"121","1985",6,2445,8620,162,440,230,14,2322.2,0,1,1985-06-01,NA,NA,0,0,0,0
"122","1985",7,2280,7430,197,275,900,15,2587.41935483871,0,0,1985-07-01,NA,NA,0,0,0,0
"123","1985",8,6190,19100,242,750,1160,10,11918.4193548387,1,0,1985-08-01,NA,NA,12,11,0,0
"124","1985",9,2480,7480,254,255,450,13,2453.2,0,0,1985-09-01,NA,NA,5,4,0,0
"125","1985",10,1800,11500,304,260,320,14,2735.25806451613,0,0,1985-10-01,NA,NA,0,0,0,0
"126","1985",11,3430,10900,320,1700,1780,14,21910.3,1,0,1985-11-01,NA,NA,26,25,12,0
"127","1986",3,4910,15800,72,2455,2875,16,7421.1935483871,0,0,1986-03-01,NA,NA,3,1,0,0
"128","1986",4,3210,10900,108,845,1165,13,3498.36666666667,0,1,1986-04-01,NA,NA,2,0,0,0
"129","1986",5,5990,6510,142,45,65,18,3258.09677419355,0,1,1986-05-01,NA,NA,0,0,0,0
"130","1986",6,2470,5590,168,260,270,18,1580,0,1,1986-06-01,NA,NA,0,0,0,0
"131","1986",7,2660,6160,200,115,160,16,1448.96774193548,0,1,1986-07-01,NA,NA,0,0,0,0
"132","1986",8,2380,6220,240,165,210,18,3327.67741935484,0,0,1986-08-01,NA,NA,0,0,0,0
"133","1986",9,2590,11700,270,480,760,12,2016,0,0,1986-09-01,NA,NA,1,0,0,0
"134","1986",10,2340,9120,285,615,1050,13,1787.16129032258,0,1,1986-10-01,NA,NA,0,0,0,0
"135","1986",11,20000,20700,326,180,600,14,3129.33333333333,0,0,1986-11-01,NA,NA,0,0,0,0
"136","1987",3,20400,25600,70,450,400,14,21631.1935483871,1,0,1987-03-01,NA,NA,31,29,19,0
"137","1987",4,19900,35600,115,1200,1000,11,37563.6,1,0,1987-04-01,NA,NA,24,21,14,10
"138","1987",5,29800,35300,125,400,100,13,8824.77419354839,0,0,1987-05-01,NA,NA,31,30,28,15
"139","1987",6,8465,18700,155,2790,2540,19,4574.1,0,0,1987-06-01,NA,NA,9,3,0,0
"140","1987",7,2640,14600,203,690,290,10,4184.29032258064,0,0,1987-07-01,NA,NA,4,0,0,0
"141","1987",8,2520,8430,219,810,180,12,1980.03225806452,0,0,1987-08-01,NA,NA,0,0,0,0
"142","1987",9,19950,20300,261,200,300,7,15970.7666666667,1,0,1987-09-01,NA,NA,17,15,9,0
"143","1987",10,2040,6970,278,120,105,13,2501.32258064516,0,0,1987-10-01,NA,NA,5,0,0,0
"144","1987",11,1025,7730,325,108,261.5,15,4561.8,0,0,1987-11-01,NA,NA,2,0,0,0
"145","1988",3,1140,12300,70,188,195,14,4519.77419354839,0,1,1988-03-01,NA,NA,1,0,0,0
"146","1988",4,6040,9950,104,535,140,11,6884.63333333333,0,0,1988-04-01,NA,NA,0,0,0,0
"147","1988",5,6840,10200,152,150,790,15,4518.25806451613,0,0,1988-05-01,NA,NA,1,0,0,0
"148","1988",6,2705,14800,174,1080,1170,14,2483.13333333333,0,1,1988-06-01,NA,NA,3,0,0,0
"149","1988",7,2170,8090,199,40,60,18,3169.61290322581,0,0,1988-07-01,NA,NA,0,0,0,0
"150","1988",8,2310,7220,222,230,820,15,1952.48387096774,0,1,1988-08-01,NA,NA,0,0,0,0
"151","1988",9,2590,9700,258,1060,605,10,2301.16666666667,0,0,1988-09-01,NA,NA,0,0,0,0
"152","1988",10,3650,12400,289,1550,1490,17,2533.03225806452,0,0,1988-10-01,NA,NA,0,0,0,0
"153","1988",11,3665,12200,331,1420,2530,13,4766.56666666667,0,0,1988-11-01,NA,NA,1,0,0,0
"154","1989",3,16400,20800,84,2600,2720,12,15048.2580645161,0,0,1989-03-01,NA,NA,28,16,8,0
"155","1989",4,9495,20600,104,1310,620,11,9841.9,0,0,1989-04-01,NA,NA,12,5,4,0
"156","1989",5,20000,20800,132,200,100,9,16270.3870967742,1,0,1989-05-01,NA,NA,28,27,15,0
"157","1989",6,14800,18600,173,470,1640,8,11600.7333333333,1,0,1989-06-01,NA,NA,18,7,0,0
"158","1989",7,15000,19400,201,2600,1300,9,10079.5483870968,1,0,1989-07-01,NA,NA,22,14,0,0
"159","1989",8,6390,15600,215,1960,2505,16,6826.64516129032,1,0,1989-08-01,NA,NA,7,6,0,0
"160","1989",9,8315,20300,273,3235,2120,9,9940.56666666667,1,0,1989-09-01,NA,NA,10,9,4,0
"161","1989",10,1980,4810,288,235,850,15,13552.9032258065,1,0,1989-10-01,NA,NA,27,23,8,0
"162","1989",11,4975,12200,324,2370,2470,14,7389.56666666667,1,0,1989-11-01,NA,NA,9,1,0,0
"163","1990",3,11000,19900,82,2900,1720,10,11835.4193548387,0,0,1990-03-01,NA,NA,16,14,0,0
"164","1990",4,15450,20500,110,100,200,11,12953.3333333333,0,0,1990-04-01,NA,NA,18,15,11,0
"165","1990",5,9990,19900,150,400,670,14,14199.6129032258,1,0,1990-05-01,NA,NA,15,9,0,0
"166","1990",6,18950,19500,161,535,500,10,6564.9,0,0,1990-06-01,NA,NA,21,17,0,0
"167","1990",7,4170,15300,199,1960,1280,12,5554.25806451613,1,0,1990-07-01,NA,NA,6,5,0,0
"168","1990",8,3090,15300,241,595,1445,12,3880.70967741935,0,0,1990-08-01,NA,NA,1,1,0,0
"169","1990",9,2115,4950,272,100,130,13,2195.23333333333,0,0,1990-09-01,NA,NA,0,0,0,0
"170","1990",10,18800,20600,282,950,300,16,16270.1612903226,1,0,1990-10-01,NA,NA,19,8,5,0
"171","1990",11,8180,15900,328,2585,2210,10,4780.76666666667,0,0,1990-11-01,NA,NA,14,10,5,0
"172","1991",3,14800,20100,91,4950,2640,11,19046,1,0,1991-03-01,NA,NA,22,2,1,0
"173","1991",4,19950,20300,92,200,250,11,13307.4333333333,1,0,1991-04-01,NA,NA,26,20,12,0
"174","1991",5,9300,9530,130,20,45,14,7734.16129032258,0,0,1991-05-01,NA,NA,0,0,0,0
"175","1991",6,7260,14300,181,440,965,12,4095.66666666667,0,0,1991-06-01,NA,NA,2,0,0,0
"176","1991",7,2740,8740,213,960,2260,15,3718,0,0,1991-07-01,NA,NA,0,0,0,0
"177","1991",8,2990,8910,241,1040,1550,14,2710.16129032258,0,0,1991-08-01,NA,NA,0,0,0,0
"178","1991",9,2045,6260,261,550,20,8,2263,0,0,1991-09-01,NA,NA,0,0,0,0
"179","1991",10,14100,20500,301,100,175,10,1989.58064516129,0,1,1991-10-01,NA,NA,0,0,0,0
"180","1991",11,9305,20300,309,1375,1695,16,2331.7,0,1,1991-11-01,NA,NA,1,0,0,0
"181","1992",3,6940,20400,71,2180,2130,18,8023.58064516129,0,0,1992-03-01,NA,NA,12,1,1,0
"182","1992",4,6930,20500,116,100,120,10,12437,0,0,1992-04-01,NA,NA,9,8,8,0
"183","1992",5,9270,20500,123,145,75,13,6682.64516129032,0,0,1992-05-01,NA,NA,5,4,4,0
"184","1992",6,8875,19900,163,685,2350,12,8743.1,1,0,1992-06-01,NA,NA,12,7,0,0
"185","1992",7,3980,11200,196,3620,1130,16,3492.25806451613,0,0,1992-07-01,NA,NA,3,0,0,0
"186","1992",8,2650,13900,232,595,680,15,3892.58064516129,0,0,1992-08-01,NA,NA,5,0,0,0
"187","1992",9,2635,6360,254,770,710,7,3229.53333333333,0,0,1992-09-01,NA,NA,0,0,0,0
"188","1992",10,2190,7350,291,400,530,17,2944.93548387097,0,0,1992-10-01,NA,NA,1,0,0,0
"189","1992",11,2615,11500,331,1820,760,13,8295.36666666667,1,0,1992-11-01,NA,NA,1,0,0,0
"190","1993",3,20100,35400,91,100,600,9,36727.2258064516,1,0,1993-03-01,NA,NA,31,31,22,2
"191","1993",4,35100,35300,98,150,100,12,20391.7333333333,1,0,1993-04-01,NA,NA,30,30,30,23
"192","1993",5,9270,20200,126,130,100,14,7911.90322580645,0,0,1993-05-01,NA,NA,11,10,6,0
"193","1993",6,8840,12300,169,90,600,13,4711.1,0,0,1993-06-01,NA,NA,4,0,0,0
"194","1993",7,3960,12200,189,1800,1145,14,3908.54838709677,0,0,1993-07-01,NA,NA,3,0,0,0
"195","1993",8,2180,5910,244,120,170,12,2235.8064516129,0,0,1993-08-01,NA,NA,0,0,0,0
"196","1993",9,2140,3360,274,90,90,9,2395.9,0,0,1993-09-01,NA,NA,0,0,0,0
"197","1993",10,2910,10400,289,1260,2050,15,2137.96774193548,0,1,1993-10-01,NA,NA,0,0,0,0
"198","1993",11,9055,10200,321,200,960,15,5344.93333333333,0,0,1993-11-01,NA,NA,3,0,0,0
"199","1994",3,20100,20300,84,100,100,14,26869.7419354839,1,0,1994-03-01,NA,NA,31,31,17,0
"200","1994",4,20200,25300,99,400,100,13,10827.1,0,0,1994-04-01,NA,NA,25,25,21,0
"201","1994",5,6070,11300,125,40,35,14,5161.58064516129,0,0,1994-05-01,NA,NA,1,0,0,0
"202","1994",6,5320,5490,153,25,20,19,3378.06666666667,0,0,1994-06-01,NA,NA,0,0,0,0
"203","1994",7,4000,11700,189,195,1010,13,5921.83870967742,1,0,1994-07-01,NA,NA,1,0,0,0
"204","1994",8,8490,13600,231,1400,1870,16,5453.58064516129,1,0,1994-08-01,NA,NA,10,0,0,0
"205","1994",9,2225,7500,259,570,335,7,2707.56666666667,0,0,1994-09-01,NA,NA,0,0,0,0
"206","1994",10,1620,7570,299,890,1030,16,2381.70967741935,0,0,1994-10-01,NA,NA,0,0,0,0
"207","1994",11,2160,12000,335,695,200,7,3375.7,0,0,1994-11-01,NA,NA,2,0,0,0
"208","1995",3,8530,8720,68,20,30,13,9027.61290322581,0,0,1995-03-01,NA,NA,0,0,0,0
"209","1995",4,4645,6830,95,40,10,13,3496.53333333333,0,1,1995-04-01,NA,NA,0,0,0,0
"210","1995",5,4550,4700,134,20,25,17,4439.03225806452,0,1,1995-05-01,NA,NA,0,0,0,0
"211","1995",6,9365,19200,182,35,100,13,18133.7666666667,1,0,1995-06-01,NA,NA,8,7,0,0
"212","1995",7,20600,25300,193,350,400,14,11354.3548387097,1,0,1995-07-01,NA,NA,28,28,19,0
"213","1995",8,3480,14900,215,705,40,10,3143.16129032258,0,0,1995-08-01,NA,NA,3,0,0,0
"214","1995",9,2190,7200,257,230,510,10,2253.46666666667,0,0,1995-09-01,NA,NA,0,0,0,0
"215","1995",10,2350,5500,301,650,460,13,8193.29032258065,1,0,1995-10-01,NA,NA,9,0,0,0
"216","1995",11,4975,10400,333,2105,1020,13,7102.73333333333,0,0,1995-11-01,NA,NA,9,0,0,0
"217","1996",3,14200,18500,61,1520,1040,8,11310.2258064516,0,0,1996-03-01,NA,NA,17,12,0,0
"218","1996",4,8595,13800,95,390,50,14,8130.96666666667,0,0,1996-04-01,NA,NA,8,0,0,0
"219","1996",5,9660,12300,137,410,640,6,8707.87096774194,0,0,1996-05-01,NA,NA,15,0,0,0
"220","1996",6,9265,19400,166,135,65,10,7474.83333333333,1,0,1996-06-01,NA,NA,11,8,0,0
"221","1996",7,3660,11600,195,280,270,14,3680.03225806452,0,0,1996-07-01,NA,NA,2,0,0,0
"222","1996",8,8450,14600,234,850,600,13,8580.22580645161,1,0,1996-08-01,NA,NA,10,0,0,0
"223","1996",9,34700,36000,255,600,300,11,29503,1,0,1996-09-01,NA,NA,26,25,24,13
"224","1996",10,3220,13700,279,412.5,480,19,7078.38709677419,1,0,1996-10-01,NA,NA,21,16,0,0
"225","1996",11,8115,13400,309,90,140,19,7332.73333333333,1,0,1996-11-01,NA,NA,8,0,0,0
"226","1997",3,16300,21600,75,1400,800,18,15714.935483871,1,0,1997-03-01,NA,NA,28,22,11,0
"227","1997",4,7900,22300,121,100,625,9,12667.6333333333,0,0,1997-04-01,NA,NA,9,6,1,0
"228","1997",5,14500,22600,135,410,70,3,8746.77419354839,0,0,1997-05-01,NA,NA,20,15,14,0
"229","1997",6,7520,12200,171,30,60,17,6530.3,0,0,1997-06-01,NA,NA,9,0,0,0
"230","1997",7,4050,10200,191,1755,1845,17,3493.96774193548,0,0,1997-07-01,NA,NA,1,0,0,0
"231","1997",8,3110,7230,228,820,550,16,2694.90322580645,0,0,1997-08-01,NA,NA,0,0,0,0
"232","1997",9,2825,4130,256,190,160,9,2813.7,0,0,1997-09-01,NA,NA,0,0,0,0
"233","1997",10,18200,19800,280,600,150,13,2736.25806451613,0,0,1997-10-01,NA,NA,0,0,0,0
"234","1997",11,6860,13500,327,2130,3545,14,4036.76666666667,0,0,1997-11-01,NA,NA,0,0,0,0
"235","1998",3,24800,35400,87,350,300,8,22445.1290322581,1,0,1998-03-01,NA,NA,31,31,27,10
"236","1998",4,18900,24900,92,300,100,6,16548.8666666667,1,0,1998-04-01,NA,NA,30,30,9,0
"237","1998",5,19000,19100,137,100,100,11,12256.6451612903,1,0,1998-05-01,NA,NA,31,31,0,0
"238","1998",6,6410,18500,153,1000,1750,9,4679.83333333333,0,0,1998-06-01,NA,4.1,10,3,0,0
"239","1998",7,3790,7750,203,330,385,18,2779.38709677419,0,0,1998-07-01,NA,5.9,0,0,0,0
"240","1998",8,2870,8260,238,275,330,17,2768.61290322581,0,0,1998-08-01,NA,6.1,0,0,0,0
"241","1998",9,3135,6080,274,545,250,8,1685.4,0,1,1998-09-01,7,6,0,0,0,0
"242","1998",10,2310,6070,282,560,320,16,1755.22580645161,0,1,1998-10-01,8.1,6.6,0,0,0,0
"243","1998",11,5840,8320,320,160,815,14,2084.96666666667,0,1,1998-11-01,NA,NA,0,0,0,0
"244","1999",3,2020,12000,64,220,50,16,6485.41935483871,0,1,1999-03-01,NA,NA,1,0,0,0
"245","1999",4,6530,8690,101,80,30,10,6155.9,0,1,1999-04-01,NA,NA,0,0,0,0
"246","1999",5,5900,6600,132,45,80,13,4895.54838709677,0,0,1999-05-01,NA,NA,0,0,0,0
"247","1999",6,3395,5890,153,70,40,13,1757.73333333333,0,1,1999-06-01,NA,NA,0,0,0,0
"248","1999",7,2940,11300,191,500,1850,18,2281.12903225806,0,1,1999-07-01,NA,NA,2,0,0,0
"249","1999",8,3020,5700,214,260,20,11,1174.77419354839,0,1,1999-08-01,NA,5.6,0,0,0,0
"250","1999",9,8245,17900,260,135,280,9,10931.3333333333,1,0,1999-09-01,3.7,4.4,2,1,0,0
"251","1999",10,2570,5410,275,15,45,10,5968.51612903226,1,0,1999-10-01,NA,3.3,10,0,0,0
"252","1999",11,1825,4320,330,50,305,11,3258.8,0,0,1999-11-01,NA,NA,0,0,0,0
"253","2000",3,3470,9690,77,1030,1360,14,6971.83870967742,0,1,2000-03-01,NA,NA,0,0,0,0
"254","2000",4,8575,18600,119,30,100,12,10881.2333333333,0,0,2000-04-01,NA,NA,11,6,0,0
"255","2000",5,6080,18600,122,585,40,9,4847.96774193548,0,0,2000-05-01,NA,NA,5,2,0,0
"256","2000",6,8015,9430,172,90,115,16,6182.4,0,0,2000-06-01,6.2,5.4,0,0,0,0
"257","2000",7,3750,8610,208,1700,810,17,3085.54838709677,0,0,2000-07-01,5.7,4.8,0,0,0,0
"258","2000",8,3170,10300,244,770,220,17,2716.8064516129,0,0,2000-08-01,5.7,4.7,1,0,0,0
"259","2000",9,5745,12600,256,1740,1195,11,4352.8,1,0,2000-09-01,5.7,5.7,7,0,0,0
"260","2000",10,8550,13700,275,105,535,19,1860.64516129032,0,1,2000-10-01,7.5,7.2,0,0,0,0
"261","2000",11,2850,8260,308,895,760,15,2171.23333333333,0,1,2000-11-01,NA,NA,0,0,0,0
"262","2001",3,4060,12700,87,1465,2870,18,10827.064516129,0,0,2001-03-01,NA,NA,4,0,0,0
"263","2001",4,10290,18300,98,615,90,7,7192.3,0,0,2001-04-01,NA,NA,15,11,0,0
"264","2001",5,4860,7290,152,50,40,11,6347.06451612903,0,0,2001-05-01,NA,NA,0,0,0,0
"265","2001",6,7705,9900,158,575,320,12,4375.56666666667,0,0,2001-06-01,4.1,3.3,0,0,0,0
"266","2001",7,3630,10800,194,830,610,19,2053.77419354839,0,1,2001-07-01,5.4,4.6,5,0,0,0
"267","2001",8,3350,7090,220,470,750,19,2033.64516129032,0,0,2001-08-01,5.7,NA,0,0,0,0
"268","2001",9,3190,7560,255,1030,430,8,1123.26666666667,0,1,2001-09-01,6.3,NA,0,0,0,0
"269","2001",10,2840,4930,285,435,830,17,840.516129032258,0,1,2001-10-01,7,7.1,0,0,0,0
"270","2001",11,2650,6350,307,1050,515,15,1120.26666666667,0,1,2001-11-01,NA,NA,0,0,0,0
"271","2002",3,1900,2010,62,15,10,12,4505.87096774194,0,1,2002-03-01,NA,NA,0,0,0,0
"272","2002",4,1990,2030,119,10,10,9,2394.53333333333,0,1,2002-04-01,NA,NA,0,0,0,0
"273","2002",5,2600,2850,138,25,20,13,3809.96774193548,0,1,2002-05-01,NA,NA,0,0,0,0
"274","2002",6,2630,2720,179,10,10,8,788.666666666667,0,1,2002-06-01,4.9,6.9,0,0,0,0
"275","2002",7,3730,4160,207,130,230,11,685.387096774194,0,1,2002-07-01,6.3,5.5,0,0,0,0
"276","2002",8,2730,3170,224,55,130,17,595.870967741935,0,1,2002-08-01,5.6,5.3,0,0,0,0
"277","2002",9,2530,2590,260,10,10,7,1333.9,0,1,2002-09-01,6.2,5.8,0,0,0,0
"278","2002",10,2110,4450,277,540,510,18,5489.06451612903,0,0,2002-10-01,7.6,6.1,0,0,0,0
"279","2002",11,2010,2120,335,10,20,11,8916.8,1,0,2002-11-01,NA,NA,8,7,0,0
"280","2003",3,21300,28400,91,350,550,9,22968.7741935484,1,0,2003-03-01,NA,NA,31,28,24,0
"281","2003",4,33800,34500,116,400,200,10,22582.7,1,0,2003-04-01,NA,NA,30,30,30,18
"282","2003",5,20100,28000,122,1100,150,7,19796.6774193548,1,0,2003-05-01,NA,NA,31,20,16,0
"283","2003",6,24300,24600,173,100,100,11,21399.6333333333,1,0,2003-06-01,5.2,3.6,30,30,29,0
"284","2003",7,24300,24500,184,300,100,8,10459.2903225806,1,0,2003-07-01,5,3.5,31,30,25,0
"285","2003",8,14400,19700,225,200,400,6,12898.5161290323,1,0,2003-08-01,4.3,NA,31,13,0,0
"286","2003",9,9635,20200,272,140,410,5,14833.9,1,0,2003-09-01,5.4,0,10,7,5,0
"287","2003",10,2420,3190,293,20,100,9,4693.48387096774,0,0,2003-10-01,6.3,4.3,13,3,1,0
"288","2003",11,6265,19700,325,675,760,12,8170.8,1,0,2003-11-01,NA,NA,0,0,0,0
"289","2004",3,2980,8690,61,780,445,19,6316.83870967742,0,1,2004-03-01,NA,NA,0,0,0,0
"290","2004",4,8055,14900,107,100,95,12,9999.96666666667,0,0,2004-04-01,NA,NA,11,0,0,0
"291","2004",5,8000,8200,133,35,40,10,5522.90322580645,0,0,2004-05-01,6.2,5.5,0,0,0,0
"292","2004",6,8065,9410,180,285,80,13,6274.36666666667,0,0,2004-06-01,6.4,5.5,0,0,0,0
"293","2004",7,4740,6970,183,495,405,14,4286.45161290323,0,0,2004-07-01,5.5,4.8,0,0,0,0
"294","2004",8,8460,19700,230,360,1000,10,7537.09677419355,1,0,2004-08-01,5.3,5,15,2,0,0
"295","2004",9,11200,15500,254,545,1470,12,9479.76666666667,1,0,2004-09-01,5.3,4.4,14,2,0,0
"296","2004",10,9610,20100,275,800,540,14,8316.03225806452,1,0,2004-10-01,6.6,NA,28,0,0,0
"297","2004",11,8195,8390,318,110,130,18,10529.5666666667,1,0,2004-11-01,NA,NA,0,0,0,0
"298","2005",3,8170,19600,90,65,360,17,13638.8387096774,0,0,2005-03-01,NA,NA,7,6,0,0
"299","2005",4,8280,19000,92,130,50,8,8865.53333333333,0,0,2005-04-01,NA,NA,10,8,0,0
"300","2005",5,6740,7670,127,30,10,12,5810.16129032258,0,0,2005-05-01,NA,NA,0,0,0,0
"301","2005",6,6590,8900,168,20,30,13,3785.73333333333,0,0,2005-06-01,6.1,5.4,0,0,0,0
"302","2005",7,3510,8680,196,480,370,13,5071.38709677419,1,0,2005-07-01,6.1,4.9,0,0,0,0
"303","2005",8,3520,7620,228,260,410,17,3505.90322580645,0,0,2005-08-01,NA,4.8,0,0,0,0
"304","2005",9,2830,7220,270,470,595,13,1536.76666666667,0,1,2005-09-01,NA,5.6,0,0,0,0
"305","2005",10,11200,13100,299,740,400,15,4726.22580645161,0,0,2005-10-01,6.5,4.2,0,0,0,0
"306","2005",11,7995,9210,329,540,245,18,2946.73333333333,0,0,2005-11-01,NA,NA,0,0,0,0
"307","2006",3,2320,5170,62,10,10,9,3321.51612903226,0,1,2006-03-01,NA,NA,0,0,0,0
"308","2006",4,3255,4170,121,20,40,11,4176.93333333333,0,1,2006-04-01,NA,NA,0,0,0,0
"309","2006",5,4290,4390,126,25,20,10,3467.25806451613,0,1,2006-05-01,NA,NA,0,0,0,0
"310","2006",6,3050,8190,181,80,150,14,3907.06666666667,0,0,2006-06-01,5.1,4,0,0,0,0
"311","2006",7,7250,18100,194,1780,3500,12,5521.12903225806,1,0,2006-07-01,4.5,5.1,11,3,0,0
"312","2006",8,3180,8770,243,345,480,14,1664.8064516129,0,1,2006-08-01,NA,5.2,0,0,0,0
"313","2006",9,2795,8200,262,980,900,16,6143.1,1,0,2006-09-01,5.7,2.9,0,0,0,0
"314","2006",10,2610,4240,305,110,460,16,5664.51612903226,0,0,2006-10-01,6.7,NA,7,0,0,0
"315","2006",11,2875,4730,328,530,320,14,16335.7,1,0,2006-11-01,NA,NA,19,2,0,0
"316","2007",3,5520,20300,78,340,20,9,12649.6774193548,0,0,2007-03-01,NA,NA,6,3,2,0
"317","2007",4,11150,21700,114,600,200,7,9790.7,0,0,2007-04-01,NA,NA,25,10,7,0
"318","2007",5,5700,6320,122,20,15,8,3930.16129032258,0,1,2007-05-01,NA,NA,0,0,0,0
"319","2007",6,2840,8110,171,60,80,10,3112.73333333333,0,0,2007-06-01,NA,6.4,0,0,0,0
"320","2007",7,2900,5140,191,200,30,13,2119.12903225806,0,1,2007-07-01,5.2,6.2,0,0,0,0
"321","2007",8,2520,9070,222,615,555,14,1156.1935483871,0,1,2007-08-01,5.5,5.8,0,0,0,0
"322","2007",9,1990,3780,270,100,60,10,1431.66666666667,0,1,2007-09-01,6.4,6.2,0,0,0,0
"323","2007",10,7370,15000,289,1830,1850,15,3208.83870967742,0,0,2007-10-01,6.9,6.6,0,0,0,0
"324","2007",11,11650,15400,335,1015,1715,10,1775.43333333333,0,1,2007-11-01,NA,NA,0,0,0,0
"325","2008",3,2400,3840,91,30,40,12,5631.90322580645,0,1,2008-03-01,NA,NA,0,0,0,0
"326","2008",4,7830,12300,107,100,80,12,10337.8666666667,0,0,2008-04-01,NA,NA,11,0,0,0
"327","2008",5,10200,12500,141,200,100,8,8499.1935483871,0,0,2008-05-01,NA,NA,16,0,0,0
"328","2008",6,4015,6820,158,115,55,14,1243.16666666667,0,1,2008-06-01,NA,6.3,0,0,0,0
"329","2008",7,3060,10400,205,1755,1615,17,1872.87096774194,0,1,2008-07-01,5.9,6.2,2,0,0,0
"330","2008",8,2350,6140,227,795,645,8,2116.67741935484,0,0,2008-08-01,6,5.6,0,0,0,0
"331","2008",9,2365,11000,259,50,90,8,4882.63333333333,1,0,2008-09-01,6.3,6.1,1,0,0,0
"332","2008",10,1880,4210,298,240,350,18,1498.03225806452,0,1,2008-10-01,NA,6.7,0,0,0,0
"333","2008",11,2100,3300,331,150,160,14,2393.43333333333,0,1,2008-11-01,9.3,8.5,0,0,0,0
"334","2009",3,5320,19300,64,290,775,14,10982.6451612903,0,0,2009-03-01,NA,NA,13,3,0,0
"335","2009",4,8290,10800,119,50,55,12,7809.96666666667,0,0,2009-04-01,NA,NA,5,0,0,0
"336","2009",5,8140,10800,122,165,40,8,8222.74193548387,0,0,2009-05-01,NA,NA,2,0,0,0
"337","2009",6,15200,20800,161,200,250,10,11612.0333333333,1,0,2009-06-01,6.4,NA,21,17,11,0
"338","2009",7,3380,8300,211,760,925,14,2497.51612903226,0,0,2009-07-01,6.6,NA,0,0,0,0
"339","2009",8,3110,6550,241,70,420,18,2389.06451612903,0,0,2009-08-01,6.8,NA,0,0,0,0
"340","2009",9,3525,7360,272,390,600,15,1676.63333333333,0,1,2009-09-01,6.7,6.2,0,0,0,0
"341","2009",10,2020,4910,280,365,345,14,2014.90322580645,0,1,2009-10-01,NA,6.8,0,0,0,0
"342","2009",11,2270,4120,316,625,660,19,19110.6,1,0,2009-11-01,NA,NA,18,18,9,0
"343","2010",3,12400,20800,64,590,200,15,15485.3870967742,0,0,2010-03-01,NA,NA,27,13,12,0
"344","2010",4,14300,20800,100,185,100,12,7783.26666666667,0,0,2010-04-01,NA,NA,18,9,7,0
"345","2010",5,6390,7480,122,60,60,13,6136.03225806452,0,0,2010-05-01,NA,NA,0,0,0,0
"346","2010",6,6805,10300,169,90,95,13,3144.13333333333,0,0,2010-06-01,NA,5.8,1,0,0,0
"347","2010",7,2440,6860,211,885,980,13,1854.51612903226,0,1,2010-07-01,6.7,5.9,0,0,0,0
"348","2010",8,3360,4280,239,330,450,17,3093.09677419355,0,0,2010-08-01,6.8,6.5,0,0,0,0
"349","2010",9,3875,7720,271,390,1630,10,1885.7,0,0,2010-09-01,7.2,6.7,0,0,0,0
"350","2010",10,2050,3560,276,235,235,12,7366.93548387097,1,0,2010-10-01,NA,NA,1,0,0,0
"351","2010",11,18350,20800,329,740,825,12,2730.7,0,1,2010-11-01,NA,NA,0,0,0,0
"352","2011",3,8320,11500,80,50,175,15,10538.2580645161,0,0,2011-03-01,NA,NA,7,0,0,0
"353","2011",4,8375,13900,111,270,220,8,8657.46666666667,0,0,2011-04-01,NA,NA,9,0,0,0
"354","2011",5,6300,9770,132,70,30,9,5866.8064516129,0,0,2011-05-01,NA,NA,0,0,0,0
"355","2011",6,5075,7340,168,50,70,11,2049.96666666667,0,1,2011-06-01,6.7,5.8,0,0,0,0
"356","2011",7,2450,10000,194,160,700,13,1969.03225806452,0,1,2011-07-01,6.1,6,0,0,0,0
"357","2011",8,2340,8870,243,220,770,17,1152.64516129032,0,1,2011-08-01,6.4,5.6,0,0,0,0
"358","2011",9,3195,7120,258,1000,945,11,3269.83333333333,0,0,2011-09-01,3.9,0,0,0,0,0
"359","2011",10,3620,10700,275,320,1070,14,2156.54838709677,0,1,2011-10-01,7.4,4.4,0,0,0,0
"360","2011",11,5465,9500,308,700,665,18,5535.8,0,0,2011-11-01,NA,NA,0,0,0,0
"361","2012",3,3340,20600,91,40,80,9,9856.90322580645,0,0,2012-03-01,NA,NA,4,3,3,0
"362","2012",4,6855,20400,92,210,65,14,4883.73333333333,0,1,2012-04-01,NA,NA,5,3,2,0
"363","2012",5,5420,6410,138,85,100,12,5315.35483870968,0,0,2012-05-01,NA,NA,0,0,0,0
"364","2012",6,4200,5600,153,50,55,9,2392.16666666667,0,1,2012-06-01,6.4,5.5,0,0,0,0
"365","2012",7,3070,6310,191,670,405,16,1834.03225806452,0,1,2012-07-01,6,6.1,0,0,0,0
"366","2012",8,3550,10900,238,620,1000,20,1919.12903225806,0,1,2012-08-01,6.3,5.8,1,0,0,0
"367","2012",9,3500,6940,263,500,770,9,1986.86666666667,0,0,2012-09-01,6.4,5.6,0,0,0,0
"368","2012",10,2130,4970,285,380,535,17,1600.61290322581,0,1,2012-10-01,7.5,6.9,0,0,0,0
"369","2012",11,2250,9190,327,1030,550,14,1224.96666666667,0,1,2012-11-01,NA,NA,0,0,0,0
"370","2013",3,6640,8140,81,50,80,13,7637.06451612903,0,0,2013-03-01,NA,NA,0,0,0,0
"371","2013",4,9160,10400,110,100,100,12,7318.06666666667,0,0,2013-04-01,NA,NA,7,0,0,0
"372","2013",5,13700,15800,132,120,100,7,11138.3548387097,1,0,2013-05-01,NA,NA,22,2,0,0
"373","2013",6,9925,21000,165,390,1200,8,8040.66666666667,1,0,2013-06-01,6.1,3.8,14,7,5,0
"374","2013",7,15200,20600,192,210,300,11,12432.0967741935,1,0,2013-07-01,6.2,NA,23,16,13,0
"375","2013",8,4760,9110,222,1175,725,14,4371.83870967742,0,0,2013-08-01,6.1,3.9,0,0,0,0
"376","2013",9,2885,5440,263,500,580,10,1861.63333333333,0,0,2013-09-01,6.5,5.7,0,0,0,0
"377","2013",10,2060,6160,300,215,515,19,1958.22580645161,0,1,2013-10-01,7.4,NA,0,0,0,0
"378","2013",11,2315,2550,306,60,70,12,3078,0,0,2013-11-01,NA,NA,0,0,0,0
"379","2014",3,7380,21300,74,550,300,11,10109.8709677419,0,0,2014-03-01,NA,NA,13,4,2,0
"380","2014",4,10750,21400,107,400,230,8,11879.2,0,0,2014-04-01,NA,NA,20,10,9,0
"381","2014",5,15100,21700,123,700,450,7,11658,1,0,2014-05-01,NA,NA,22,16,2,0
"382","2014",6,4525,9870,153,330,165,13,3000.1,0,0,2014-06-01,6.9,5.2,0,0,0,0
"383","2014",7,3640,5740,183,800,630,14,2497.83870967742,0,0,2014-07-01,7.1,5.3,0,0,0,0
"384","2014",8,3730,8070,235,820,495,14,4491.74193548387,0,0,2014-08-01,6,4.5,0,0,0,0
"385","2014",9,3420,14300,253,1110,1700,8,3117.43333333333,0,0,2014-09-01,6,6,1,0,0,0
"386","2014",10,2130,5550,281,70,170,17,3552.87096774194,0,0,2014-10-01,7.6,5.4,1,0,0,0
"387","2014",11,2745,8300,335,110,85,15,3539.36666666667,0,0,2014-11-01,NA,NA,0,0,0,0
"388","2015",3,6920,15300,71,300,280,11,10119.5483870968,0,0,2015-03-01,NA,NA,8,3,0,0
"389","2015",4,10550,21700,115,200,250,11,8663.26666666667,0,0,2015-04-01,NA,NA,16,5,1,0
"390","2015",5,3870,12800,122,200,35,4,3690.32258064516,0,1,2015-05-01,NA,NA,3,0,0,0
"391","2015",6,3720,8020,178,155,200,14,4180.76666666667,0,0,2015-06-01,7,5.8,0,0,0,0
"392","2015",7,3640,10300,190,610,520,16,2977.61290322581,0,0,2015-07-01,7,5.3,2,0,0,0
"393","2015",8,2770,7970,239,80,675,15,1761.58064516129,0,1,2015-08-01,7.2,6.3,0,0,0,0
"394","2015",9,4280,8230,274,155,1235,8,2681.83333333333,0,0,2015-09-01,7,6.4,0,0,0,0
"395","2015",10,2420,10700,290,190,325,13,12610.6774193548,1,0,2015-10-01,7.3,4.1,14,13,11,0
"396","2015",11,2180,9770,331,90,100,17,12064.1666666667,1,0,2015-11-01,NA,NA,24,19,5,0
"397","2016",3,12100,20800,65,300,200,15,9450.93548387097,0,0,2016-03-01,NA,NA,28,14,4,0
"398","2016",4,8010,9740,92,150,70,11,6521.46666666667,0,0,2016-04-01,NA,NA,0,0,0,0
"399","2016",5,21200,21800,141,250,555,10,15832.3225806452,1,0,2016-05-01,NA,NA,25,22,19,0
"400","2016",6,9660,11900,182,415,200,11,7096,1,0,2016-06-01,6.5,4.3,13,0,0,0
"401","2016",7,5470,19700,197,1120,1235,17,4974.67741935484,1,0,2016-07-01,6.6,4.7,7,1,0,0
"402","2016",8,4860,13500,223,1250,1720,14,4308.38709677419,0,0,2016-08-01,6.1,5.1,2,0,0,0
"403","2016",9,4135,5050,267,400,865,10,2855.86666666667,0,0,2016-09-01,5.9,5.1,0,0,0,0
"404","2016",10,8460,21300,278,570,280,14,10890.3225806452,1,0,2016-10-01,5.6,4.2,15,13,10,0
"405","2016",11,19400,20600,319,400,1100,12,2322.13333333333,0,1,2016-11-01,NA,NA,0,0,0,0
"406","2017",3,2900,3600,91,80,80,13,3912.41935483871,0,1,2017-03-01,NA,NA,0,0,0,0
"407","2017",4,6950,33700,120,60,250,10,19166.7666666667,1,0,2017-04-01,NA,NA,6,5,4,3
"408","2017",5,26900,34300,126,350,550,6,17379.6774193548,1,0,2017-05-01,NA,NA,31,20,19,10
"409","2017",6,13400,27800,155,1145,300,11,7282.36666666667,1,0,2017-06-01,6.2,4.1,19,9,5,0
"410","2017",7,3580,7850,195,310,1240,17,2896.51612903226,0,0,2017-07-01,5.8,3.8,0,0,0,0
"411","2017",8,4150,4840,243,140,370,17,2219.35483870968,0,0,2017-08-01,6.5,5.1,0,0,0,0
"412","2017",9,3625,5290,265,870,590,9,1804.16666666667,0,1,2017-09-01,7.1,5.7,0,0,0,0
"413","2017",10,9690,25000,295,2120,895,15,1664.51612903226,0,1,2017-10-01,7.5,6.9,0,0,0,0
"414","2017",11,3430,9340,314,490,215,14,1949.06666666667,0,1,2017-11-01,NA,NA,0,0,0,0
"415","2018",3,4480,15400,65,80,100,13,6839.61290322581,0,1,2018-03-01,NA,NA,1,1,0,0
"416","2018",4,9925,20700,121,100,165,8,11558.8333333333,0,0,2018-04-01,NA,NA,14,3,2,0
"417","2018",5,18000,28900,147,740,1030,9,15212.9032258065,1,0,2018-05-01,NA,NA,21,20,13,0
"418","2018",6,5060,16200,153,640,1860,12,4209.5,0,0,2018-06-01,5.4,3.3,5,1,0,0
"419","2018",7,3000,12400,184,885,1510,14,2970.16129032258,0,0,2018-07-01,5.6,5.2,2,0,0,0
"420","2018",8,8640,17800,219,1380,1590,11,6650.45161290323,1,0,2018-08-01,5.6,3.6,12,6,0,0
"421","2018",9,17500,28800,273,445,3130,9,19745.7666666667,1,0,2018-09-01,6.4,2.1,14,13,9,0
"422","2018",10,2720,4700,305,120,270,10,20355.1612903226,1,0,2018-10-01,4.8,3.6,31,28,24,13
"423","2018",11,2325,3840,332,30,40,19,23757.4666666667,1,0,2018-11-01,NA,NA,30,28,17,11
"424","2019",3,19800,35200,66,2000,100,10,14770.6451612903,0,0,2019-03-01,NA,NA,25,20,15,12
"425","2019",4,13800,18400,92,1700,750,9,12735.2666666667,0,0,2019-04-01,NA,NA,27,13,0,0
"426","2019",5,8760,13500,124,805,90,10,6532.32258064516,0,0,2019-05-01,NA,NA,5,0,0,0
"427","2019",6,10760,21500,169,400,500,6,11985.7333333333,1,0,2019-06-01,6.6,NA,15,12,10,0
"428","2019",7,5130,8940,213,260,430,14,4131.8064516129,0,0,2019-07-01,5.9,4.3,0,0,0,0
"429","2019",8,2930,8680,214,1040,590,15,2853.12903225806,0,0,2019-08-01,NA,5.5,0,0,0,0
"430","2019",9,2325,5600,260,1050,290,13,1401.4,0,1,2019-09-01,6.7,2,0,0,0,0
"431","2019",10,29000,34800,298,2200,500,9,3011.96774193548,0,0,2019-10-01,7.2,6,0,0,0,0
"432","2019",11,24400,35400,334,400,300,8,4906.1,0,0,2019-11-01,NA,NA,3,0,0,0
"433","2020",3,5230,9600,63,180,95,12,7203.87096774194,0,1,2020-03-01,NA,NA,0,0,0,0
"434","2020",4,11350,15800,107,185,100,9,10818.2,0,0,2020-04-01,NA,NA,17,4,0,0
"435","2020",5,12700,35100,150,270,600,7,25247.7096774194,1,0,2020-05-01,NA,NA,20,14,12,3
"436","2020",6,NA,NA,NA,NA,NA,NA,17364.8,1,0,2020-06-01,NA,NA,8,8,8,8
"437","2020",7,NA,NA,NA,NA,NA,NA,NA,NA,NA,2020-07-01,NA,NA,NA,NA,NA,NA
"438","2020",8,NA,NA,NA,NA,NA,NA,NA,NA,NA,2020-08-01,NA,NA,NA,NA,NA,NA
"439","2020",9,NA,NA,NA,NA,NA,NA,NA,NA,NA,2020-09-01,NA,NA,NA,NA,NA,NA
"440","2020",10,NA,NA,NA,NA,NA,NA,NA,NA,NA,2020-10-01,NA,NA,NA,NA,NA,NA
"441","2020",11,NA,NA,NA,NA,NA,NA,NA,NA,NA,2020-11-01,NA,NA,NA,NA,NA,NA
